Date,Time,Time_spent,Topic,Detail,Amap,Image
29 Dec 26,10.40 AM - 03.50 PM (+1),4h 10m,ออกเดินทางสู่กรุงปักกิ่ง,,,
29 Dec 26,03.50 PM - 04.50 PM,1h,เดินทางถึงท่าอากาศยานนานาชาติปักกิ่งโชวตู (Beijing Capital International Airport) และผ่านพิธีการตรวจคนเข้าเมือง,,https://surl.amap.com/dsRkkmqferS,
29 Dec 26,04.50 PM - 05.50 PM,1h,เดินทางสู่โรงแรมที่พัก,,,
29 Dec 26,05.50 PM - 06.10 PM,20m,เช็คอินและพักผ่อนตามอัธยาศัย,,,
29 Dec 26,06.10 PM - 07.40 PM,1h 30m,รับประทานอาหารค่ำ ณ ร้าน Xiao Dadong ย่านซานหลี่ถุน ไท่กู่หลี่,"แบรนด์ลูกของภัตตาคารชื่อดัง DaDong เป็ดปักกิ่ง ออกแบบมาเพื่อคนรุ่นใหม่ในบรรยากาศโมเดิร์น เสิร์ฟเป็ดปักกิ่งย่างหนังกรอบพิเศษไขมันต่ำด้วยนวัตกรรมการอบเตาฟืนแบบเฉพาะ เมนูแนะนำ: เป็ดปักกิ่งหนังกรอบไขมันต่ำ (Crispy Lean Roast Duck), สลัดมะเขือเทศไส้เห็ดกรอบ, ซุปเป็ดตุ๋นเห็ดทรัฟเฟิล, สายไหมสายรุ้งยักษ์",,images/restaurants/xiao-dadong2.jpg
29 Dec 26,07.40 PM onwards,-,อิสระช้อปปิ้ง ณ ซานหลี่ถุน ไท่กู่หลี่,"สัมผัสไลฟ์สไตล์ใจกลางเมืองหลวง ณ แหล่งรวมแฟชั่นและสถาปัตยกรรมระดับโลก พร้อมเลือกซื้อสินค้าแฟล็กชิปสโตร์ชั้นนำ",,images/itinerary/taikooli-sanlitun.jpg
30 Dec 26,07.40 AM - 08.20 AM,40m,รับประทานอาหารเช้า ณ โซโห ซานหลี่ถุน,"บริการอาหารเช้าและเครื่องดื่มในย่านธุรกิจใจกลางเมือง",,images/itinerary/breakfast-soho.jpg
30 Dec 26,08.20 AM - 09.00 AM,40m,เดินทางสู่ยูนิเวอร์แซล สตูดิโอส์ ปักกิ่ง,,,
30 Dec 26,09.00 AM - 08.00 PM,11h,ท่องโลกสวนสนุกระดับโลก ยูนิเวอร์แซล สตูดิโอส์ ปักกิ่ง,"เต็มอิ่มกับธีมพาร์คระดับเวิลด์คลาส ชมโซนไฮไลท์ The Wizarding World of Harry Potter, Jurassic World Isla Nublar และโซน Kung Fu Panda Land of Awesomeness แห่งแรกของโลก",https://surl.amap.com/gx015ui94fw,images/itinerary/universal-studios.jpg
30 Dec 26,08.00 PM - 08.40 PM,40m,เดินทางกลับสู่ที่พัก,,,
30 Dec 26,08.40 PM onwards,-,พักผ่อนตามอัธยาศัย,,,
31 Dec 26,08.00 AM - 08.20 AM,20m,เดินทางสู่ภัตตาคาร Jindingxuan,,,
31 Dec 26,08.20 AM - 09.20 AM,1h,ลิ้มลองติ่มซำกวางตุ้งต้นตำรับ ภัตตาคาร Jindingxuan (สาขาตี้ถาน),"สัมผัสรสชาติติ่มซำระดับพรีเมียมในภัตตาคารสถาปัตยกรรมพระราชวังจีนโบราณสีทองอร่าม ลิ้มลองฮะเก๋า เสี่ยวหลงเปา และก๋วยเตี๋ยวหลอดสูตรดั้งเดิม",https://surl.amap.com/dDRU9MCu7g0,images/itinerary/jindingxuan.jpg
31 Dec 26,09.20 AM - 10.50 AM,1h 30m,นมัสการสิ่งศักดิ์สิทธิ์ ณ วัดยงเหอกง (Lama Temple),"สักการะพระอารามหลวงทิเบตที่สำคัญที่สุดในปักกิ่ง ชมความวิจิตรงดงามของพระพุทธรูปไม้จันทน์ขาวแกะสลักองค์ใหญ่ที่ได้รับการบันทึกลงกินเนสส์บุ๊ค",https://surl.amap.com/sSg4LM117JC,images/itinerary/lama-temple.jpg
31 Dec 26,10.50 AM - 12.20 PM,1h 30m,"เยี่ยมชมวัดขงจื๊อ และสำนักศึกษาหลวงโบราณ (กั๋วจื่อเจี้ยน)","ย้อนรอยประวัติศาสตร์การศึกษาชั้นสูงของจักรวรรดิจีน ชมศิลาจารึกทำเนียบจอหงวน ซุ้มประตูเกียรติยศ และต้นไซเปรสโบราณอายุกว่าร้อยปี",,images/itinerary/confucius-temple.jpg
31 Dec 26,12.20 PM - 12.30 PM,10m,เดินทางสู่ตรอกโบราณหนานหลัวกู่เซียง,"เรียกรถ (DiDi/Amap) จากประตูใต้กั๋วจื่อเจี้ยน (Imperial Academy South Gate) ไปยังประตูเหนือหนานหลัวกู่เซียง (South Luoguxiang North Gate) ระยะทาง 1.4 กม. ประมาณ 9 นาที",,
31 Dec 26,12.30 PM - 02.30 PM,2h,"หนานหลัวกู่เซียง (Nanluoguxiang) สัมผัสเสน่ห์ตรอกหูทงโบราณและอาหารกลางวัน","เดินชมเสน่ห์วิถีชีวิตดั้งเดิมในตรอกหูทง พร้อมเลือกชิมสตรีทฟู้ดท้องถิ่นชื่อดัง ชานมชีส และเลือกซื้อของที่ระลึกงานฝีมือสไตล์ร่วมสมัย",https://surl.amap.com/lPkqKaC3ccS,images/itinerary/nanluoguxiang-2.jpg
31 Dec 26,02.30 PM - 03.00 PM,30m,เดินทางสู่ย่านศิลปะ 798,,,
31 Dec 26,03.00 PM - 06.00 PM,3h,ชมความคิดสร้างสรรค์ร่วมสมัย ย่านศิลปะ 798 (798 Art Zone),"ชื่นชมงานสถาปัตยกรรมสไตล์เบาเฮาส์ที่ดัดแปลงจากโรงงานทหารโบราณสู่ศูนย์กลางศิลปะร่วมสมัยระดับนานาชาติ แกลเลอรี และคาเฟ่ดีไซน์ระดับรางวัล",https://surl.amap.com/hWmSdVwW8jq,images/itinerary/798-art-center.jpg
31 Dec 26,06.00 PM - 06.30 PM,30m,เดินทางสู่ย่านซานหลี่ถุน,,,
31 Dec 26,06.30 PM - 08.00 PM,1h 30m,รับประทานอาหารค่ำ ณ ร้าน Feidachu Cayenne Pepper Chaorou ย่านซานหลี่ถุน ไท่กู่หลี่,"แบรนด์อาหารหูหนานชื่อดังอันดับ 1 ของจีน การันตีรางวัลคิวยาวต่อเนื่อง โดดเด่นด้วยการใช้เตาไฟแรงคั่วพริกหยวกสดกับเนื้อหมูดำคัดพิเศษ ให้กลิ่นหอมกระทะอันเป็นเอกลักษณ์ เมนูแนะนำ: หมูผัดพริกหยวกหูหนานเสิร์ฟบนเตาร้อน (ซิกเนเจอร์), ยำพริกเผาไข่เยี่ยวม้าบด (擂辣椒皮蛋), ซุปกระดูกหมูหัวไชเท้า",,images/restaurants/feidachu.jpg
31 Dec 26,08.00 PM onwards,-,อิสระช้อปปิ้ง ณ ซานหลี่ถุน ไท่กู่หลี่,"เพลิดเพลินกับบรรยากาศเคานต์ดาวน์ส่งท้ายปีเก่าต้อนรับปีใหม่ใจกลางย่านบันเทิงและไลฟ์สไตล์ระดับพรีเมียมของปักกิ่ง",,images/itinerary/taikooli-sanlitun.jpg
1 Jan 27,08.00 AM - 08.40 AM,40m,เดินทางสู่พระราชวังฤดูร้อน,,,
1 Jan 27,08.40 AM - 09.20 AM,40m,รับประทานอาหารเช้า ณ Qing-Feng Steamed Dumpling Shop,"เติมพลังด้วยซาลาเปาไส้หมูสับสูตรต้นตำรับก่อนเริ่มทัศนศึกษาอุทยานมรดกโลก",https://surl.amap.com/Pi434Sx2DP,images/restaurants/qingfeng-summer-palace.jpg
1 Jan 27,09.20 AM - 01.20 PM,4h,ทัศนศึกษาอุทยานมรดกโลก พระราชวังฤดูร้อน (Summer Palace),"ชื่นชมความยิ่งใหญ่อลังการของอุทยานหลวงที่ได้รับการขึ้นทะเบียนมรดกโลก เดินเลียบทะเลสาบคุนหมิง สะพาน 17 ช่อง และเรือหินอ่อนอันวิจิตรบรรจง",https://surl.amap.com/4aBevfQ1reqr,images/itinerary/summer-palace.jpg
1 Jan 27,01.20 PM - 02.20 PM,1h,เดินทางสู่ Beijing Fuli Plaza,,,
1 Jan 27,02.20 PM - 04.40 PM,2h 20m,"ช้อปปิ้ง ณ Beijing Fuli Plaza Store","เพลิดเพลินกับการช้อปปิ้งในห้างสรรพสินค้าครบวงจร อาทิ ร้าน Hotmaxx, Popmart, Bao's Pastry และแบรนด์แฟชั่นไลฟ์สไตล์อื่นๆ",https://surl.amap.com/1LDeqoa5a6O,images/itinerary/fuli-plaza.jpg
1 Jan 27,04.40 PM - 05.00 PM,20m,เดินทางสู่ภัตตาคาร Poetry‧Wine,,,
1 Jan 27,05.00 PM - 07.00 PM,2h,ลิ้มลองอาหารปักกิ่งร่วมสมัย ภัตตาคาร Poetry‧Wine,"สัมผัสสุนทรียศาสตร์แห่งรสชาติอาหารปักกิ่งไฟน์ไดน์นิ่งที่รังสรรค์อย่างประณีต ดั่งบทกวีจีนเคียงคู่ศาสตร์การคัดสรรไวน์ชั้นเลิศ",https://surl.amap.com/cEGdMLA10ZZ,images/itinerary/poetry-wine.jpg
1 Jan 27,07.00 PM onwards,-,พักผ่อนตามอัธยาศัย,,,
2 Jan 27,08.00 AM - 10.30 AM,2h 30m,เดินทางสู่เมืองน้ำโบราณกู่เป่ยและกำแพงเมืองจีน,,,
2 Jan 27,10.30 AM - 05.30 PM,7h,เยือนเมืองโบราณริมน้ำกู่เป่ย (Gubei Water Town),"สัมผัสบรรยากาศเมืองโบราณริมน้ำสไตล์เจียงหนานทางตอนเหนือ ชมสะพานหิน โรงย้อมผ้าโบราณ และทัศนียภาพอันตระการตาของการเปิดไฟประดับยามค่ำคืน",https://surl.amap.com/1UGR5Qa1c6Gq,images/itinerary/gubei-water-town.jpg
2 Jan 27,05.30 PM - 07.30 PM,2h,พิชิตกำแพงเมืองจีน ด่านซือหม่าไถ (Simatai Great Wall),"ชมหนึ่งในสิ่งมหัศจรรย์ของโลกที่มีชื่อเสียงด้านความสูงชันและคงสภาพสถาปัตยกรรมดั้งเดิมของราชวงศ์หมิงไว้อย่างสมบูรณ์แบบที่สุด",https://surl.amap.com/l2YlwlEFeDi,images/itinerary/simatai-great-wall.jpg
2 Jan 27,07.30 PM - 09.30 PM,2h,เดินทางกลับสู่ใจกลางกรุงปักกิ่ง,,,
2 Jan 27,09.30 PM onwards,-,พักผ่อนตามอัธยาศัย,,,
3 Jan 27,07.30 AM - 08.00 AM,30m,เดินทางสู่จัตุรัสเทียนอันเหมิน,,,
3 Jan 27,08.00 AM - 12.30 PM,4h 30m,มหาปราการประวัติศาสตร์ พระราชวังต้องห้าม กู่กง และจัตุรัสเทียนอันเหมิน,"ชมศูนย์กลางอำนาจแห่งราชวงศ์หมิงและชิง ชมความโอ่อ่าของตำหนักทองคำ ท้องพระโรงหลวง และโบราณวัตถุล้ำค่าในหอสมบัติหลวง",https://surl.amap.com/34HP0eLn1v4JV,images/itinerary/forbidden-city.jpg
3 Jan 27,12.30 PM - 12.50 PM,20m,เดินทางสู่ภัตตาคาร Long Time Ago Mutton Shashlik,,,
3 Jan 27,12.50 PM - 02.40 PM,1h 50m,อิ่มอร่อยกับบาร์บีคิวเนื้อแกะเสียบไม้ Long Time Ago Mutton Shashlik,"ลิ้มรสเนื้อแกะย่างเตาถ่านหมุนอัตโนมัติสูตรลับเฉพาะ หมักเครื่องเทศยี่หร่าหอมกรุ่น เนื้อนุ่มฉ่ำไร้กลิ่นสาบ การันตีความนิยมระดับแถวหน้า วิธีจองคิว: เปิด Alipay ค้นหา '很久以前羊肉串' เข้ามินิโปรแกรมของร้าน เลือกสาขา Chongwenmen กด 'Take Number' (取号) เลือกจำนวนคน แล้วรอการแจ้งเตือนจากแอป",https://surl.amap.com/hWJjKxk1u2g9,images/itinerary/long-time-ago-mutton.jpg
3 Jan 27,02.40 PM - 03.00 PM,20m,เดินทางสู่หอสวดมนต์เทียนถาน,,,
3 Jan 27,03.00 PM - 05.00 PM,2h,สถาปัตยกรรมบวงสรวงสวรรค์ หอสักการะฟ้าเทียนถาน (Temple of Heaven),"เส้นทางเดินชม: ประตูทิศใต้ (5 นาที) > หวนชิว 圜丘 (20 นาที) > กำแพงส่งเสียงสะท้อน 回音壁 (15 นาที) > ทางเดินตันปี้ 丹陛桥 (15 นาที) > หอฉีเหนียน 祈年殿 (25 นาที) > ประตูทิศตะวันออกอยู่ใกล้สถานีรถไฟใต้ดินเทียนถานตงเหมิน (天坛东门) (10 นาที)",https://surl.amap.com/eIGNwtQ72MQ,images/itinerary/temple-of-heaven.jpg
3 Jan 27,05.00 PM - 05.10 PM,10m,เดินทางสู่ Hongqiao Market,,,
3 Jan 27,05.10 PM - 07.00 PM,1h 50m,เพลิดเพลินกับการช้อปปิ้ง ณ Hongqiao Market,"หรือที่รู้จักกันในชื่อ ตลาดไข่มุกหงเฉียว (Pearl Market) แหล่งรวมไข่มุกน้ำจืดและเครื่องประดับราคาย่อมเยา รวมถึงผ้าไหม ของที่ระลึก และสินค้าอิเล็กทรอนิกส์ ตั้งอยู่ใกล้วัดฟ้าเทียนถาน เหมาะแก่การต่อรองราคา",,images/itinerary/hongqiao-market.jpg
3 Jan 27,07.00 PM - 07.20 PM,20m,เดินทางสู่ย่านซานหลี่ถุน ไท่กู่หลี่,,,
3 Jan 27,07.20 PM - 08.50 PM,1h 30m,รับประทานอาหารค่ำ ณ ร้าน Taotaoju Restaurant ย่านซานหลี่ถุน ไท่กู่หลี่,"ภัตตาคารอาหารกวางตุ้งระดับตำนานเก่าแก่กว่า 140 ปี ก่อตั้งตั้งแต่สมัยราชวงศ์ชิง (ค.ศ. 1880) ได้รับการยกย่องเป็นมรดกทางวัฒนธรรมอาหารกวางตุ้งแท้ๆ บรรยากาศหรูหราคลาสสิก เมนูแนะนำ: ฮะเก๋ากุ้งยักษ์แป้งบางใส (陶陶居大虾饺), ก๋วยเตี๋ยวหลอดกุ้งกรอบแป้งแดง (鲜虾红米肠), ห่านย่างสูตรโบราณ, ซาลาเปาโป๋วหลัวไส้นมสดลาวา",,images/restaurants/taotaoju.jpg
3 Jan 27,08.50 PM onwards,-,อิสระช้อปปิ้ง ณ ซานหลี่ถุน ไท่กู่หลี่,"สัมผัสไลฟ์สไตล์ใจกลางเมืองหลวง ณ แหล่งรวมแฟชั่นและสถาปัตยกรรมระดับโลก พร้อมเลือกซื้อสินค้าแฟล็กชิปสโตร์ชั้นนำ",,images/itinerary/taikooli-sanlitun.jpg
4 Jan 27,10.00 AM,-,เช็คเอาท์จากที่พัก,,,
4 Jan 27,10.00 AM - 02.50 PM,4h 50m,อิสระช้อปปิ้งและรับประทานอาหารกลางวันส่งท้ายทริป ณ ซานหลี่ถุน ไท่กู่หลี่,"ใช้เวลาว่างส่งท้ายทริป เลือกซื้อของฝากและรับประทานอาหารกลางวันตามอัธยาศัยในย่านแฟชั่น",,images/itinerary/taikooli-sanlitun.jpg
4 Jan 27,02.50 PM - 03.00 PM,10m,รับสัมภาระที่ฝากไว้,,,
4 Jan 27,03.00 PM - 04.20 PM,1h 20m,เดินทางสู่ท่าอากาศยานนานาชาติปักกิ่งต้าซิง (Beijing Daxing International Airport),,https://surl.amap.com/4nrCrY959Fz,
4 Jan 27,04.20 PM - 06.00 PM,1h 40m,เช็คอินสัมภาระและผ่านพิธีการตรวจคนออกเมือง,,,
4 Jan 27,06.00 PM - 11.25 PM,5h 25m,เดินทางกลับสู่ประเทศไทยโดยสวัสดิภาพ,,,